straddle_expiry,ATM_strike,hedge_expiry,OTM_no,CE_strike,CE_px,CE_dist,PE_strike,PE_px,PE_dist,strangle_pts,hedge_cost_Rs,naked_margin,hedged_margin,margin_saved,saved_%,hedged_all_NRML,hedged_all_MIS,net_credit_Rs
2026-10-13,22700.0,2026-10-27,1,22750.0,263.55,50.0,22650.0,238.85,50.0,502.4,32656,178287,210895,-32608,-18.3,81990,81931,-13039
2026-10-13,22700.0,2026-10-27,2,22800.0,239.6,100.0,22600.0,216.35,100.0,455.95,29637,178287,207972,-29685,-16.7,82060,82122,-10020
2026-10-13,22700.0,2026-10-27,3,22850.0,218.3,150.0,22550.0,198.9,150.0,417.2,27118,178287,205265,-26977,-15.1,82569,82567,-7501
2026-10-13,22700.0,2026-10-27,4,22900.0,194.0,200.0,22500.0,181.6,200.0,375.6,24414,178287,202705,-24418,-13.7,82997,82971,-4797
2026-10-13,22700.0,2026-10-27,5,22950.0,172.8,250.0,22450.0,166.1,250.0,338.9,22028,178287,200231,-21944,-12.3,83583,83569,-2411
2026-10-13,22700.0,2026-10-27,6,23000.0,154.15,300.0,22400.0,152.5,300.0,306.65,19932,178287,198208,-19921,-11.2,84554,84502,-315
2026-10-13,22700.0,2026-10-27,7,23050.0,135.5,350.0,22350.0,138.6,350.0,274.1,17816,178287,196085,-17798,-10.0,85538,85560,1800
2026-10-13,22700.0,2026-10-27,8,23100.0,119.55,400.0,22300.0,127.25,400.0,246.8,16042,178287,194297,-16010,-9.0,86737,86712,3575
2026-10-13,22700.0,2026-10-27,9,23150.0,106.0,450.0,22250.0,115.45,450.0,221.45,14394,178287,192684,-14397,-8.1,88174,88191,5223
2026-10-13,22700.0,2026-10-27,10,23200.0,90.7,500.0,22200.0,104.85,500.0,195.55,12711,178287,191044,-12757,-7.2,89572,89600,6906
2026-10-13,22700.0,2026-10-27,11,23250.0,79.45,550.0,22150.0,94.85,550.0,174.3,11330,178287,189666,-11379,-6.4,91225,91284,8288
2026-10-13,22700.0,2026-10-27,12,23300.0,68.8,600.0,22100.0,87.8,600.0,156.6,10179,178287,188451,-10164,-5.7,93053,93111,9438
2026-10-13,22700.0,2026-10-27,13,23350.0,59.35,650.0,22050.0,79.65,650.0,139.0,9035,178287,187365,-9078,-5.1,95072,95039,10582
2026-10-13,22700.0,2026-10-27,14,23400.0,51.45,700.0,22000.0,72.4,700.0,123.85,8050,178287,186404,-8117,-4.6,97161,97159,11567
2026-10-13,22700.0,2026-10-27,15,23450.0,44.7,750.0,21950.0,66.15,750.0,110.85,7205,178287,185532,-7245,-4.1,99390,99370,12412
2026-10-13,22700.0,2026-10-27,16,23500.0,38.6,800.0,21900.0,60.6,800.0,99.2,6448,178287,184765,-6478,-3.6,101619,101606,13169
2026-10-13,22700.0,2026-10-27,17,23550.0,33.5,850.0,21850.0,54.95,850.0,88.45,5749,178287,184084,-5797,-3.3,104009,104012,13868
2026-10-13,22700.0,2026-10-27,18,23600.0,29.1,900.0,21800.0,49.8,900.0,78.9,5128,178287,183490,-5203,-2.9,106433,106454,14488
2026-10-13,22700.0,2026-10-27,19,23650.0,24.9,950.0,21750.0,46.6,950.0,71.5,4648,178287,182950,-4663,-2.6,108955,109007,14970
2026-10-13,22700.0,2026-10-27,20,23700.0,21.8,1000.0,21700.0,42.1,1000.0,63.9,4154,178287,182543,-4256,-2.4,111590,111607,15464
2026-10-13,22700.0,2026-10-27,21,23750.0,19.15,1050.0,21650.0,38.45,1050.0,57.6,3744,178287,182175,-3888,-2.2,114244,114263,15873
2026-10-13,22700.0,2026-10-27,22,23800.0,16.55,1100.0,21600.0,35.35,1100.0,51.9,3374,178287,181747,-3459,-1.9,116782,116779,16244
2026-10-13,22700.0,2026-10-27,23,23850.0,15.0,1150.0,21550.0,32.8,1150.0,47.8,3107,178287,181535,-3248,-1.8,119556,119530,16510
2026-10-13,22700.0,2026-10-27,24,23900.0,13.25,1200.0,21500.0,30.25,1200.0,43.5,2828,178287,181244,-2957,-1.7,122169,122127,16790
2026-10-13,22700.0,2026-10-27,25,23950.0,12.35,1250.0,21450.0,27.85,1250.0,40.2,2613,178287,180971,-2684,-1.5,124757,124721,17004
2026-10-13,22700.0,2026-10-27,26,24000.0,11.45,1300.0,21400.0,26.0,1300.0,37.45,2434,178287,180654,-2367,-1.3,127358,127389,17183
2026-10-13,22700.0,2026-10-27,27,24050.0,10.2,1350.0,21350.0,24.25,1350.0,34.45,2239,178287,180595,-2308,-1.3,129951,129951,17378
2026-10-13,22700.0,2026-10-27,28,24100.0,9.2,1400.0,21300.0,22.75,1400.0,31.95,2077,178287,180415,-2128,-1.2,132486,132534,17540
2026-10-13,22700.0,2026-10-27,29,24150.0,8.2,1450.0,21250.0,20.85,1450.0,29.05,1888,178287,180204,-1917,-1.1,134988,134974,17729
2026-10-13,22700.0,2026-10-27,30,24200.0,7.5,1500.0,21200.0,19.6,1500.0,27.1,1762,178287,180053,-1766,-1.0,137461,137426,17856
2026-10-13,22700.0,2026-10-27,31,24250.0,7.1,1550.0,21150.0,18.8,1550.0,25.9,1684,178287,179906,-1619,-0.9,139804,139812,17934
2026-10-13,22700.0,2026-10-27,32,24300.0,6.55,1600.0,21100.0,16.95,1600.0,23.5,1528,178287,179855,-1568,-0.9,142134,142274,18090
2026-10-13,22700.0,2026-10-27,33,24350.0,5.95,1650.0,21050.0,16.3,1650.0,22.25,1446,178287,179799,-1512,-0.8,144400,144367,18171
2026-10-13,22700.0,2026-10-27,34,24400.0,5.65,1700.0,21000.0,14.95,1700.0,20.6,1339,178287,179664,-1377,-0.8,146574,146638,18278
2026-10-13,22700.0,2026-10-27,35,24450.0,5.25,1750.0,20950.0,14.45,1750.0,19.7,1280,178287,179652,-1365,-0.8,148700,148658,18336
2026-10-13,22700.0,2026-10-27,36,24500.0,4.75,1800.0,20900.0,13.15,1800.0,17.9,1164,178287,179484,-1197,-0.7,150626,150626,18454
2026-10-13,22700.0,2026-10-27,37,24550.0,4.55,1850.0,20850.0,12.55,1850.0,17.1,1112,178287,179413,-1126,-0.6,152420,152435,18506
2026-10-13,22700.0,2026-10-27,38,24600.0,4.2,1900.0,20800.0,11.6,1900.0,15.8,1027,178287,179328,-1041,-0.6,154184,154208,18590
2026-10-13,22700.0,2026-10-27,39,24650.0,4.1,1950.0,20750.0,11.2,1950.0,15.3,994,178287,179284,-997,-0.6,155865,155892,18622
2026-10-13,22700.0,2026-10-27,40,24700.0,3.7,2000.0,20700.0,10.9,2000.0,14.6,949,178287,179177,-890,-0.5,157392,157369,18668
2026-10-13,22700.0,2026-10-27,41,24750.0,4.2,2050.0,20650.0,9.6,2050.0,13.8,897,178287,179158,-871,-0.5,158952,158908,18720
2026-10-13,22700.0,2026-10-27,42,24800.0,3.35,2100.0,20600.0,9.55,2100.0,12.9,838,178287,179089,-802,-0.4,160129,160120,18779
2026-10-13,22700.0,2026-10-27,43,24850.0,3.2,2150.0,20550.0,8.9,2150.0,12.1,787,178287,179021,-734,-0.4,161390,161371,18830
2026-10-13,22700.0,2026-10-27,44,24900.0,2.9,2200.0,20500.0,8.2,2200.0,11.1,722,178287,178954,-667,-0.4,162480,162495,18896
2026-10-13,22700.0,2026-10-27,45,24950.0,3.0,2250.0,20450.0,10.35,2250.0,13.35,868,178287,179177,-890,-0.5,164284,164271,18749
2026-10-13,22700.0,2026-10-27,46,25000.0,2.75,2300.0,20400.0,7.6,2300.0,10.35,673,178287,178978,-691,-0.4,164415,164373,18944
2026-10-13,22700.0,2026-10-27,47,25050.0,3.55,2350.0,20350.0,10.55,2350.0,14.1,917,178287,179212,-925,-0.5,165971,165998,18700
2026-10-13,22700.0,2026-10-27,48,25100.0,2.6,2400.0,20300.0,6.85,2400.0,9.45,614,178287,178952,-665,-0.4,165940,165906,19003
2026-10-13,22700.0,2026-10-27,49,25150.0,4.65,2450.0,20250.0,8.9,2450.0,13.55,881,178287,179178,-891,-0.5,167617,167594,18736
2026-10-13,22700.0,2026-10-27,50,25200.0,2.35,2500.0,20200.0,8.15,2500.0,10.5,682,178287,178849,-561,-0.3,167792,167893,18934
2026-10-13,22700.0,2026-10-27,51,25250.0,3.85,2550.0,20150.0,7.1,2550.0,10.95,712,178287,179017,-730,-0.4,169688,169686,18905
2026-10-13,22700.0,2026-10-27,52,25300.0,2.0,2600.0,20100.0,5.4,2600.0,7.4,481,178287,178756,-469,-0.3,169861,169808,19136
2026-10-13,22700.0,2026-10-27,53,25350.0,2.85,2650.0,20050.0,5.15,2650.0,8.0,520,178287,178740,-453,-0.3,170994,171018,19097
